{
  "results": [
    {
      "command": "RAYON_NUM_THREADS=8 OMP_NUM_THREADS=8 /Volumes/USBNVME16TB/temp_agent_space/focr_projector_bench_target/release-perf/focr_projector_bench --iters 16",
      "mean": 0.13245097512444443,
      "stddev": 0.011014057344697967,
      "median": 0.13342310068,
      "user": 0.39949698444444437,
      "system": 0.015235655555555554,
      "min": 0.11433776668000001,
      "max": 0.15080864168,
      "times": [
        0.14341580868,
        0.13440409968,
        0.13767922568,
        0.13007801668,
        0.12271039168000002,
        0.13342310068,
        0.11433776668000001,
        0.12520172468,
        0.15080864168
      ],
      "memory_usage_byte": [
        34553856,
        34586624,
        34586624,
        34586624,
        34586624,
        34586624,
        34586624,
        34586624,
        34586624
      ],
      "exit_codes": [
        0,
        0,
        0,
        0,
        0,
        0,
        0,
        0,
        0
      ]
    }
  ]
}
