{
  "results": [
    {
      "command": "RAYON_NUM_THREADS=8 OMP_NUM_THREADS=8 /Volumes/USBNVME16TB/temp_agent_space/focr_projector_bench_target/release-perf/focr_projector_bench --iters 16",
      "mean": 0.18793300559555556,
      "stddev": 0.004205983526728887,
      "median": 0.18719524204000001,
      "user": 0.5012301688888889,
      "system": 0.018648315555555555,
      "min": 0.18410840804,
      "max": 0.19762915804,
      "times": [
        0.18749111704000002,
        0.18556070004,
        0.18441786704000002,
        0.19089065904,
        0.18719524204000001,
        0.18410840804,
        0.19762915804,
        0.18844040804,
        0.18566349104
      ],
      "memory_usage_byte": [
        36388864,
        36388864,
        36388864,
        36388864,
        36388864,
        36388864,
        36388864,
        36388864,
        36388864
      ],
      "exit_codes": [
        0,
        0,
        0,
        0,
        0,
        0,
        0,
        0,
        0
      ]
    }
  ]
}
